ot,lat,lon,dep,mag
2012-08-23T05:39:40.769167Z,32.5666,-115.7532,20,-3.67
2012-08-23T18:51:45.405023Z,32.5666,-115.7732,25,-3.36
2012-08-23T07:00:46.674967Z,33.4666,-115.8532,25,-4.29
2012-08-23T04:15:41.776769Z,32.5666,-115.7532,24,-4.34
2012-08-24T19:52:48.909762Z,33.3466,-115.8732,23,-3.19
2012-08-24T16:00:16.048413Z,33.1466,-115.9532,19,-3.47
2012-08-25T14:41:02.859309Z,33.3066,-116.2132,25,-3.84
2012-08-25T15:10:40.449563Z,32.5666,-115.7132,1,-3.95
2012-08-25T22:16:12.133413Z,32.9466,-115.8132,24,-3.92
2012-08-25T19:21:30.693039Z,32.5666,-115.9532,1,-4.09
2012-08-25T01:24:53.806508Z,32.5666,-115.4932,6,-3.96
2012-08-25T20:08:55.274173Z,32.6666,-115.5732,12,-4.97
2012-08-26T18:58:11.617030Z,32.9466,-115.5332,20,-2.71
2012-08-26T21:15:28.791633Z,33.0466,-115.5132,17,-1.62
2012-08-26T20:10:12.976111Z,32.9466,-115.5532,18,-3.12
2012-08-26T21:08:44.268413Z,32.9066,-115.5932,23,-2.16
2012-08-26T22:06:27.684887Z,33.0066,-115.5532,25,-2.43
2012-08-26T19:16:10.934841Z,33.0266,-115.5532,20,-1.82
2012-08-26T22:57:42.103929Z,33.0066,-115.5732,14,-3.25
2012-08-26T17:06:01.188674Z,33.0466,-115.4932,5,-3.29
2012-08-26T17:37:14.890595Z,32.9466,-115.5532,19,-2.84
2012-08-26T23:36:57.859444Z,33.0066,-115.5132,19,-2.66
2012-08-26T15:55:31.646945Z,32.9466,-115.5732,20,-3.28
2012-08-26T17:18:12.394230Z,32.9266,-115.5732,17,-2.95
2012-08-26T19:45:55.554332Z,32.9466,-115.6132,18,-2.66
2012-08-26T19:50:14.460460Z,33.0266,-115.5732,14,-2.42
2012-08-26T20:14:44.926452Z,32.9266,-115.5932,20,-2.50
2012-08-26T20:28:57.061293Z,32.9466,-115.5332,20,-3.04
2012-08-26T21:05:11.565261Z,33.0266,-115.5732,25,-2.43
2012-08-26T21:17:25.978532Z,32.9466,-115.5732,21,-1.87
2012-08-26T21:46:11.567381Z,32.9666,-115.5532,7,-2.71
2012-08-26T23:13:44.663730Z,32.9466,-115.5532,20,-3.02
2012-08-26T17:02:12.440380Z,32.9466,-115.5532,15,-1.94
2012-08-26T17:16:01.118492Z,32.9466,-115.5732,21,-2.15
2012-08-26T19:40:12.169411Z,32.9066,-115.5732,21,-1.67
2012-08-26T20:55:00.547189Z,33.0066,-115.5532,18,-3.44
2012-08-26T22:01:58.487268Z,33.0266,-115.5732,11,-2.70
2012-08-26T04:30:14.260102Z,32.9466,-115.5532,21,-3.78
2012-08-26T15:48:10.347189Z,32.9866,-115.5732,16,-3.20
2012-08-26T16:18:14.682721Z,32.9466,-115.5732,19,-2.93
2012-08-26T19:43:42.298713Z,32.9666,-115.6532,1,-2.89
2012-08-26T22:04:44.831707Z,32.9666,-115.5732,23,-3.43
2012-08-26T22:21:26.031191Z,33.0466,-115.5332,25,-3.39
2012-08-26T22:34:44.828833Z,32.9266,-115.5932,18,-2.42
2012-08-26T22:45:11.177936Z,32.9266,-115.5532,10,-3.63
2012-08-26T17:09:29.007110Z,32.9866,-115.5732,10,-3.91
2012-08-26T17:22:12.111905Z,32.9666,-115.6332,24,-3.31
2012-08-26T18:03:00.791627Z,33.0666,-115.5132,25,-3.31
2012-08-26T20:25:59.357936Z,32.9266,-115.5932,23,-3.35
2012-08-26T21:21:55.955000Z,32.9866,-115.5732,19,-3.25
2012-08-26T21:53:57.955919Z,32.9266,-115.5332,14,-3.12
2012-08-26T22:58:41.095952Z,32.9466,-115.5732,24,-1.76
2012-08-26T19:58:16.316928Z,32.9266,-115.5732,21,-2.11
2012-08-26T20:31:13.047364Z,33.0066,-115.5332,18,-2.78
2012-08-26T15:33:02.607937Z,32.9466,-115.5932,20,-2.79
2012-08-26T19:03:18.061270Z,32.9666,-115.5532,18,-2.23
2012-08-26T19:06:30.892183Z,32.9066,-115.5332,22,-3.21
2012-08-26T20:46:58.078532Z,32.9466,-115.5532,20,-3.29
2012-08-26T20:57:58.170999Z,32.9466,-115.5332,20,-0.86
2012-08-26T21:13:58.099467Z,32.9266,-115.5532,21,-3.28
2012-08-26T21:45:25.826951Z,32.8666,-115.6132,15,-3.33
2012-08-26T21:49:12.901746Z,33.0466,-115.4932,21,-3.23
2012-08-26T22:23:57.676333Z,32.9266,-115.5732,25,-2.73
2012-08-26T22:43:57.186872Z,32.8266,-115.5932,17,-3.63
2012-08-26T22:50:47.495952Z,32.8466,-115.5532,11,-3.69
2012-08-26T23:46:27.563634Z,33.0066,-115.5132,25,-3.36
2012-08-26T23:53:14.284094Z,32.9666,-115.5332,18,-2.56
2012-08-26T17:28:25.318413Z,32.9466,-115.5532,25,-3.56
2012-08-26T18:55:54.708651Z,32.9466,-115.5732,19,-3.22
2012-08-26T19:28:44.360317Z,32.8866,-115.5532,22,-2.00
2012-08-26T20:04:48.888856Z,33.0266,-115.4732,15,-2.89
2012-08-26T20:20:25.538889Z,33.0266,-115.6532,25,-2.99
2012-08-26T20:39:02.032959Z,32.9666,-115.5732,8,-3.30
2012-08-26T21:29:54.942761Z,32.9266,-115.5732,21,-3.69
2012-08-26T21:32:27.973532Z,32.8666,-115.5532,17,-3.53
2012-08-26T23:24:14.742427Z,32.9866,-115.5932,8,-3.60
2012-08-26T23:52:12.218611Z,32.8466,-115.5332,25,-3.79
2012-08-26T04:33:40.390476Z,32.8866,-115.5732,23,-3.66
2012-08-26T07:39:25.704332Z,32.5666,-115.7332,1,-4.00
2012-08-26T15:57:00.662268Z,32.9066,-115.5332,21,-3.66
2012-08-26T18:11:23.869586Z,32.9466,-115.5332,1,-3.48
2012-08-26T19:24:10.634127Z,33.0066,-115.5332,21,-3.50
2012-08-26T20:01:29.114649Z,32.9466,-115.5532,23,-3.19
2012-08-26T20:48:11.546191Z,32.9266,-115.5532,17,-3.57
2012-08-26T20:52:29.902619Z,32.9666,-115.5732,20,-3.24
2012-08-26T21:33:13.423714Z,32.9066,-115.6132,1,-3.78
2012-08-26T21:39:45.831111Z,32.9466,-115.5532,11,-3.43
2012-08-26T21:59:44.194808Z,33.0866,-115.5132,11,-3.22
2012-08-26T22:48:25.428928Z,32.9066,-115.5932,23,-3.77
2012-08-26T22:54:47.575397Z,32.8866,-115.5132,15,-2.77
2012-08-26T23:24:58.596032Z,32.9266,-115.7732,4,-4.12
2012-08-26T23:27:55.197189Z,32.8866,-115.5332,12,-3.68
2012-08-26T23:33:24.846395Z,32.9666,-115.5332,18,-1.86
2012-08-26T15:53:27.877563Z,32.9466,-115.5932,21,-4.04
2012-08-26T17:46:46.881253Z,32.9266,-115.5732,23,-3.48
2012-08-26T17:47:17.825397Z,32.9666,-115.5732,17,-3.06
2012-08-26T17:50:10.167381Z,33.2266,-115.6532,25,-3.73
2012-08-26T19:33:00.356134Z,32.9266,-115.5532,18,-0.94
2012-08-26T19:38:47.576111Z,32.9266,-115.5732,19,-2.93
2012-08-26T19:54:27.903810Z,32.9066,-115.6132,22,-3.13
2012-08-26T20:08:29.040476Z,32.9666,-115.5732,18,-3.28
2012-08-26T20:12:55.624967Z,32.9466,-115.5532,16,-3.74
2012-08-26T20:14:00.318968Z,32.9266,-115.5532,18,-3.37
2012-08-26T20:33:00.712047Z,32.9666,-115.5732,20,-3.26
2012-08-26T20:33:58.509206Z,33.1466,-115.7932,24,-2.79
2012-08-26T20:42:36.984094Z,32.9266,-115.5532,11,-3.60
2012-08-26T21:26:39.857500Z,32.9866,-115.5332,1,-2.40
2012-08-26T21:34:48.043968Z,32.9466,-115.5332,11,-2.71
2012-08-26T21:48:42.075397Z,32.7266,-115.4932,1,-3.89
2012-08-26T22:16:22.927103Z,32.8266,-115.4532,10,-3.30
2012-08-26T22:51:22.107506Z,32.9666,-115.6132,12,-3.42
2012-08-26T16:40:58.209207Z,32.8866,-115.6932,18,-3.90
2012-08-26T16:45:03.390476Z,32.8866,-115.5132,17,-4.02
2012-08-26T17:07:44.498373Z,33.0666,-115.5332,21,-3.83
2012-08-26T17:56:46.365437Z,32.9266,-115.6332,24,-3.14
2012-08-26T17:58:32.543095Z,32.9466,-115.6132,21,-3.21
2012-08-26T19:04:25.564649Z,33.0266,-115.5332,25,-3.26
2012-08-26T20:03:50.858515Z,32.9066,-115.5332,15,-3.32
2012-08-26T20:05:09.701270Z,33.5666,-115.5932,11,-2.51
2012-08-26T20:37:12.779841Z,33.0466,-115.6732,21,-3.26
2012-08-26T20:43:27.202381Z,32.8266,-115.5932,15,-3.86
2012-08-26T20:51:26.426429Z,32.9466,-115.4932,24,-3.82
2012-08-26T21:41:44.193158Z,32.8266,-115.5732,18,-3.69
2012-08-26T21:53:02.712268Z,32.9266,-115.6132,22,-3.10
2012-08-26T21:58:19.799570Z,32.9266,-115.5532,18,-3.34
2012-08-26T22:13:02.025516Z,32.7866,-115.5732,18,-2.74
2012-08-26T22:14:12.755919Z,32.9266,-115.5332,8,-3.82
2012-08-26T22:32:40.602682Z,33.3866,-115.3732,10,-3.41
2012-08-26T22:52:10.031713Z,32.8866,-115.6932,13,-2.79
2012-08-26T23:15:46.837302Z,32.7666,-115.5532,15,-3.80
2012-08-26T23:50:09.807064Z,32.8466,-115.5132,18,-3.27
2012-08-26T18:33:14.374173Z,33.0066,-115.5332,16,-3.87
2012-08-26T18:36:12.183237Z,33.0066,-115.5132,13,-3.90
2012-08-26T18:43:43.270205Z,32.9266,-115.6532,10,-4.12
2012-08-26T20:06:10.057682Z,32.9866,-115.5332,18,-2.87
2012-08-26T20:12:28.846452Z,32.7066,-115.5532,1,-3.81
2012-08-26T20:50:55.694365Z,32.9466,-115.5132,16,-4.19
2012-08-26T20:51:57.387665Z,32.7266,-115.6132,1,-3.31
2012-08-26T21:23:02.155919Z,33.5466,-115.8132,22,-2.27
2012-08-26T21:54:17.325142Z,32.9266,-115.4932,5,-2.54
2012-08-26T22:21:30.089682Z,32.6266,-115.6732,1,-3.26
2012-08-26T23:21:04.158413Z,32.9466,-115.5932,19,-2.88
2012-08-26T13:53:29.085284Z,32.9066,-115.7532,5,-4.09
2012-08-26T17:03:41.486872Z,32.9866,-115.6132,20,-2.78
2012-08-26T17:08:04.335556Z,32.9066,-115.5332,18,-3.22
2012-08-26T17:50:16.712817Z,32.8866,-115.4932,16,-3.68
2012-08-26T17:55:31.214649Z,32.9466,-115.5732,22,-3.46
2012-08-26T18:15:32.000000Z,32.8666,-115.5332,12,-4.18
2012-08-26T18:20:53.731214Z,32.9266,-115.5532,15,-3.55
2012-08-26T18:31:26.662268Z,33.0266,-115.6132,20,-4.03
2012-08-26T18:37:45.584365Z,32.8466,-115.5332,20,-3.41
2012-08-26T18:38:54.106270Z,32.9266,-115.5132,25,-3.96
2012-08-26T19:20:03.868492Z,32.9266,-115.5332,19,-0.94
2012-08-26T19:24:30.477348Z,33.0066,-115.4932,23,-2.80
2012-08-26T19:39:29.059887Z,32.8666,-115.6532,23,-2.75
2012-08-26T20:16:33.366236Z,33.5466,-116.0132,13,-2.25
2012-08-26T20:23:14.491174Z,32.9466,-115.5532,23,-3.39
2012-08-26T20:28:06.890380Z,33.4866,-115.7132,24,-3.02
2012-08-26T20:36:13.709887Z,32.9666,-115.6132,20,-3.35
2012-08-26T20:45:47.039252Z,32.9066,-115.5332,25,-3.06
2012-08-26T21:13:03.111587Z,32.9266,-115.6132,1,-3.19
2012-08-26T21:30:32.059887Z,32.9066,-115.7932,12,-3.94
2012-08-26T21:30:54.947404Z,32.9266,-115.6332,9,-3.59
2012-08-26T21:47:16.770635Z,32.9066,-115.5332,19,-2.88
2012-08-26T22:20:08.998413Z,32.9466,-115.5332,1,-4.11
2012-08-26T22:22:34.819762Z,32.9066,-115.5532,15,-2.87
2012-08-26T22:26:03.228753Z,32.9466,-115.5532,22,-3.37
2012-08-26T22:27:38.744808Z,32.8866,-115.5732,13,-3.66
2012-08-26T22:40:42.570318Z,32.5666,-115.8732,14,-2.92
2012-08-26T23:03:59.577897Z,32.6466,-115.4332,2,-3.38
2012-08-26T23:10:16.030159Z,33.0066,-115.6732,15,-3.31
2012-08-26T23:31:41.724564Z,32.5666,-115.6532,1,-3.88
2012-08-26T23:49:13.420079Z,32.8066,-115.4132,3,-3.92
2012-08-26T04:35:28.651746Z,32.6666,-115.6332,1,-3.55
2012-08-26T08:02:33.757936Z,32.8866,-115.4932,14,-4.12
2012-08-26T17:13:52.051372Z,32.9266,-115.6532,22,-2.99
2012-08-26T17:17:22.137047Z,32.9466,-115.5532,11,-3.35
2012-08-26T19:06:47.266570Z,32.8866,-115.6132,25,-2.77
2012-08-26T19:28:37.539603Z,33.1866,-115.5932,22,-2.68
2012-08-26T20:06:15.962301Z,32.8666,-115.8732,1,-3.91
2012-08-26T20:33:50.609881Z,33.4666,-115.5532,25,-2.57
2012-08-26T20:49:57.814428Z,33.1066,-115.5332,1,-3.85
2012-08-26T21:50:19.161071Z,32.9466,-115.5132,13,-3.56
2012-08-26T21:52:47.202245Z,32.8266,-115.0532,1,-3.92
2012-08-26T22:15:28.126951Z,32.9666,-115.5732,13,-3.74
2012-08-26T22:19:14.412936Z,32.7866,-115.5132,11,-3.69
2012-08-26T22:29:18.144682Z,33.0266,-115.5932,9,-3.49
2012-08-26T22:31:01.896627Z,33.0466,-115.4532,22,-3.52
2012-08-26T22:40:32.326849Z,33.5066,-115.2132,25,-3.35
2012-08-26T22:53:34.888674Z,32.9466,-115.5532,14,-2.32
2012-08-26T23:10:08.229048Z,33.3466,-115.1732,24,-2.79
2012-08-26T23:24:54.082540Z,32.5866,-115.5132,1,-3.23
2012-08-26T23:39:00.512483Z,32.9066,-115.5132,10,-3.68
2012-08-26T23:44:06.238016Z,33.0466,-115.8332,25,-3.79
2012-08-26T15:59:54.308697Z,32.9066,-115.5932,22,-4.03
2012-08-26T16:00:17.457857Z,32.9266,-115.5732,24,-3.50
2012-08-26T16:40:52.801951Z,33.0266,-115.5732,1,-3.97
2012-08-26T17:20:15.570556Z,32.8666,-115.4732,20,-3.45
2012-08-26T17:30:59.729729Z,32.8866,-115.5332,16,-4.31
2012-08-26T17:36:28.921111Z,32.8666,-115.4932,19,-3.99
2012-08-26T17:50:02.661627Z,33.4266,-115.8932,23,-3.52
2012-08-26T17:54:01.877404Z,32.8866,-115.6532,14,-3.86
2012-08-26T18:02:57.075397Z,32.6066,-115.1532,15,-3.38
2012-08-26T18:33:56.727579Z,32.8066,-115.5132,22,-3.73
2012-08-26T18:38:59.391984Z,32.7666,-115.5532,1,-3.89
2012-08-26T18:55:59.726429Z,32.6866,-115.5932,1,-3.26
2012-08-26T19:19:10.608912Z,32.5666,-115.6332,17,-3.47
2012-08-26T19:55:14.620556Z,32.8866,-115.5132,21,-3.43
2012-08-26T19:56:37.854445Z,33.3666,-115.7132,22,-2.90
2012-08-26T20:19:20.300952Z,32.9666,-115.5132,1,-3.91
2012-08-26T20:24:51.814286Z,32.9266,-115.5532,1,-3.72
2012-08-26T20:26:48.283492Z,32.9466,-115.6532,20,-3.22
2012-08-26T20:27:45.147189Z,32.9266,-115.5532,25,-3.41
2012-08-26T20:28:18.670357Z,32.9866,-115.5932,17,-3.19
2012-08-26T20:56:41.340476Z,33.0866,-115.5732,20,-3.81
2012-08-26T20:57:18.992427Z,32.9866,-115.5932,20,-3.26
2012-08-26T21:01:25.735397Z,33.0266,-115.6332,25,-1.59
2012-08-26T21:11:28.033333Z,32.7266,-115.5732,6,-3.66
2012-08-26T21:19:34.572523Z,32.8866,-115.5932,15,-3.21
2012-08-26T21:21:22.208413Z,32.9066,-115.5932,6,-3.24
2012-08-26T21:23:06.508730Z,33.4266,-115.5132,25,-2.72
2012-08-26T21:37:48.680397Z,32.9466,-115.5332,20,-3.03
2012-08-26T21:40:36.651951Z,32.8066,-115.6132,16,-3.14
2012-08-26T21:41:49.875476Z,32.9666,-115.5332,1,-3.35
2012-08-26T21:42:49.821587Z,32.9066,-115.5332,20,-2.86
2012-08-26T21:44:21.209428Z,32.7266,-115.6132,4,-3.36
2012-08-26T21:59:49.066667Z,32.7466,-115.7532,1,-3.94
2012-08-26T22:16:00.473254Z,32.7066,-115.5132,1,-3.63
2012-08-26T22:26:26.612381Z,33.0066,-115.6732,24,-2.79
2012-08-26T22:33:23.762268Z,33.0266,-115.4732,25,-3.82
2012-08-26T22:50:03.124961Z,32.8866,-115.5532,22,-3.49
2012-08-26T22:56:00.167721Z,32.8466,-115.5332,9,-4.22
2012-08-26T22:56:47.693095Z,32.7466,-115.5732,15,-3.74
2012-08-26T22:57:46.467824Z,32.8866,-115.8132,2,-4.23
2012-08-26T23:07:51.733333Z,32.8666,-115.5332,13,-3.93
2012-08-26T23:19:22.297619Z,32.7266,-115.5132,21,-3.86
2012-08-26T06:09:05.733929Z,32.5666,-115.6732,9,-4.21
2012-08-26T07:32:33.536349Z,32.8866,-115.4932,16,-4.34
2012-08-26T09:53:13.851587Z,32.5666,-115.0932,19,-3.79
2012-08-26T15:48:00.136865Z,33.4666,-116.2132,23,-1.59
2012-08-26T16:17:50.343333Z,33.4666,-116.0332,22,-2.74
2012-08-26T16:18:02.267602Z,32.7266,-115.1932,23,-4.00
2012-08-26T17:40:34.265555Z,33.4066,-115.0732,22,-3.63
2012-08-26T17:45:30.934666Z,32.7866,-115.5132,1,-4.61
2012-08-26T17:56:53.268118Z,32.7466,-115.9332,11,-3.93
2012-08-26T18:06:58.672523Z,32.8466,-115.5932,9,-3.84
2012-08-26T18:11:28.350363Z,32.6466,-115.6332,1,-2.79
2012-08-26T18:39:57.801548Z,32.8866,-115.5132,18,-4.19
2012-08-26T18:44:32.069008Z,32.8866,-115.4932,11,-4.02
2012-08-26T19:31:26.153538Z,32.9066,-115.7332,1,-1.13
2012-08-26T19:35:51.348379Z,32.9266,-115.6332,1,-2.97
2012-08-26T19:56:50.940046Z,32.9666,-115.6132,1,-4.09
2012-08-26T19:57:31.773770Z,32.9266,-115.5732,24,-2.95
2012-08-26T20:03:58.308373Z,32.7866,-115.4132,1,-3.01
2012-08-26T20:05:22.054388Z,32.9066,-115.4332,1,-3.77
2012-08-27T04:20:12.452778Z,32.9066,-115.5932,20,-2.99
2012-08-27T18:05:57.526729Z,32.9666,-115.5332,23,-2.56
2012-08-27T01:11:56.444808Z,32.9666,-115.6132,25,-3.18
2012-08-27T07:11:12.408356Z,32.9066,-115.5532,21,-3.96
2012-08-27T00:58:43.818175Z,32.9266,-115.5732,24,-2.31
2012-08-27T02:53:14.035754Z,32.8866,-115.6132,21,-2.43
2012-08-27T07:50:58.415341Z,32.9466,-115.5532,19,-3.19
2012-08-27T17:04:30.971792Z,32.9266,-115.5732,17,-3.06
2012-08-27T05:11:56.459444Z,33.0466,-115.5132,19,-3.24
2012-08-27T05:39:42.699070Z,32.8466,-115.5132,17,-3.16
2012-08-27T05:44:56.801786Z,32.9466,-115.5332,24,-3.39
2012-08-27T00:12:26.116587Z,33.0466,-115.5132,15,-2.73
2012-08-27T00:32:42.190476Z,32.8866,-115.5332,13,-3.61
2012-08-27T01:03:15.367721Z,32.9866,-115.5332,15,-3.30
2012-08-27T02:38:30.304904Z,33.0466,-115.5332,2,-3.43
2012-08-27T04:08:16.638753Z,32.8466,-115.5332,16,-3.23
2012-08-27T17:14:11.941633Z,32.9466,-115.6332,18,-2.97
2012-08-27T00:16:55.079365Z,32.9266,-115.5732,17,-3.34
2012-08-27T01:55:30.707223Z,32.8866,-115.5732,16,-3.63
2012-08-27T03:28:29.276554Z,33.0666,-115.5532,25,-3.24
2012-08-27T04:46:14.117937Z,32.9666,-115.5532,24,-2.49
2012-08-27T06:02:58.815079Z,32.8866,-115.5932,23,-3.35
2012-08-27T09:02:31.269524Z,32.8466,-115.4332,1,-3.96
2012-08-27T10:28:44.416032Z,32.8666,-115.5532,16,-3.22
2012-08-27T10:36:59.551508Z,32.9666,-115.5732,18,-3.85
2012-08-27T03:39:31.315675Z,32.8866,-115.5932,22,-3.30
2012-08-27T04:24:41.268413Z,32.9466,-115.5332,20,-3.84
2012-08-27T05:17:29.679944Z,33.0466,-115.5332,12,-3.43
2012-08-27T08:19:44.092857Z,32.9266,-115.5332,24,-3.66
2012-08-27T14:00:46.055341Z,32.7866,-115.4932,18,-3.01
2012-08-27T21:30:41.534484Z,33.0266,-115.5932,25,-3.16
2012-08-27T22:00:43.781316Z,32.9066,-115.5732,21,-3.64
2012-08-27T02:28:10.131746Z,33.0466,-115.5932,1,-3.18
2012-08-27T04:09:14.879729Z,32.9866,-115.5732,21,-3.24
2012-08-27T04:14:45.980079Z,32.8866,-115.5932,9,-3.53
2012-08-27T06:31:27.559887Z,32.9666,-115.5532,24,-2.24
2012-08-27T06:37:25.340635Z,32.9866,-115.5532,21,-3.92
2012-08-27T10:35:16.951032Z,32.9666,-115.5732,20,-3.24
2012-08-27T17:44:25.835714Z,33.0266,-115.5132,25,-3.01
2012-08-27T00:35:59.848713Z,33.0266,-115.5732,20,-3.43
2012-08-27T03:41:44.697404Z,32.7266,-115.6132,1,-3.70
2012-08-27T05:28:00.712778Z,32.9666,-115.5532,15,-3.30
2012-08-27T06:00:47.544705Z,32.8266,-115.5332,16,-3.45
2012-08-27T07:13:26.101508Z,32.9066,-115.5132,22,-4.06
2012-08-27T08:15:16.241571Z,32.9066,-115.6132,20,-3.89
2012-08-27T08:53:25.308515Z,32.9666,-115.5532,18,-3.74
2012-08-27T00:41:26.076554Z,32.9066,-115.5732,25,-4.07
2012-08-27T01:27:41.820595Z,32.9066,-115.5532,23,-3.74
2012-08-27T02:11:40.561475Z,33.1266,-115.6332,25,-3.53
2012-08-27T02:42:59.563634Z,32.8866,-115.5332,22,-3.90
2012-08-27T03:00:11.417602Z,33.0066,-115.5332,10,-3.69
2012-08-27T03:32:33.125635Z,32.8066,-115.5532,21,-3.56
2012-08-27T04:49:10.915873Z,32.9666,-115.6532,18,-3.39
2012-08-27T08:46:32.342857Z,32.8666,-115.5532,20,-3.04
2012-08-27T09:13:42.846032Z,32.9666,-115.5532,25,-3.78
2012-08-27T10:00:01.648413Z,32.9666,-115.6332,25,-3.30
2012-08-27T14:18:13.337222Z,32.9466,-115.5332,22,-3.53
2012-08-27T14:42:12.275760Z,32.8666,-115.5132,16,-3.48
2012-08-27T00:32:13.325913Z,32.7266,-115.5532,1,-4.03
2012-08-27T00:55:26.332007Z,32.9066,-115.5732,22,-3.78
2012-08-27T01:16:11.356491Z,32.8866,-115.5332,16,-3.73
2012-08-27T01:41:17.696111Z,32.7866,-115.4732,7,-3.68
2012-08-27T02:36:44.442936Z,32.9866,-115.5532,8,-3.98
2012-08-27T03:03:31.910437Z,32.8866,-115.5932,24,-2.19
2012-08-27T04:36:59.552579Z,32.8466,-115.5332,16,-3.68
2012-08-27T04:46:08.120873Z,33.3266,-115.5332,25,-2.65
2012-08-27T05:56:02.700992Z,32.9066,-115.5332,17,-3.51
2012-08-27T07:33:28.397983Z,32.7466,-115.4932,17,-3.52
2012-08-27T09:46:43.578141Z,32.9266,-115.6532,3,-3.88
2012-08-27T10:33:57.593333Z,32.8466,-115.5532,19,-3.97
2012-08-27T17:22:48.144524Z,32.9266,-115.5932,21,-2.94
2012-08-27T20:16:59.516134Z,32.9666,-115.9732,1,-3.84
2012-08-27T00:13:44.433492Z,32.9866,-115.6332,25,-2.61
2012-08-27T01:01:12.189252Z,32.8866,-115.5532,16,-3.73
2012-08-27T02:10:38.369014Z,33.3266,-115.3532,25,-3.59
2012-08-27T02:32:42.755238Z,32.6266,-115.3732,9,-3.18
2012-08-27T03:29:41.031191Z,32.9266,-115.5532,16,-3.02
2012-08-27T03:54:14.341633Z,32.9466,-115.5932,23,-3.93
2012-08-27T04:54:58.979365Z,33.0066,-115.5732,13,-3.82
2012-08-27T05:37:57.961349Z,32.9666,-115.5532,23,-3.43
2012-08-27T05:47:24.121214Z,32.9666,-115.5332,19,-3.31
2012-08-27T06:38:29.247189Z,32.8666,-115.5532,17,-4.35
2012-08-27T06:39:46.111475Z,32.8466,-115.5532,20,-4.06
2012-08-27T07:29:32.731928Z,32.8666,-115.5532,18,-3.70
2012-08-27T07:35:16.507937Z,32.9266,-115.5532,19,-4.09
2012-08-27T08:07:46.597857Z,32.8466,-115.5332,21,-3.83
2012-08-27T08:32:57.234841Z,33.0266,-115.6132,23,-3.46
2012-08-27T08:41:12.974173Z,32.8866,-115.5932,21,-3.88
2012-08-27T10:11:16.101032Z,32.9066,-115.5332,20,-3.70
2012-08-27T11:58:11.958175Z,32.8466,-115.5132,15,-3.68
2012-08-27T15:05:14.479729Z,32.7466,-115.5332,1,-3.62
2012-08-27T20:44:02.789252Z,32.9466,-115.5532,23,-3.05
2012-08-27T21:15:57.009887Z,32.9466,-115.4532,25,-3.44
2012-08-27T22:40:50.621792Z,32.9066,-115.6132,22,-2.91
2012-08-27T00:04:51.279047Z,32.8666,-115.5932,15,-3.54
2012-08-27T00:09:25.251451Z,32.9066,-115.5732,21,-4.11
2012-08-27T01:11:01.866849Z,32.7866,-115.5532,11,-3.67
2012-08-27T01:52:16.828475Z,33.0866,-115.3332,16,-3.45
2012-08-27T02:29:57.702064Z,32.6666,-115.2732,8,-3.01
2012-08-27T02:31:17.052523Z,32.9666,-115.5532,16,-4.03
2012-08-27T02:54:45.390635Z,32.8266,-115.5932,16,-3.34
2012-08-27T03:12:42.199570Z,32.8866,-115.5532,19,-3.48
2012-08-27T03:18:47.306610Z,32.8666,-115.5332,14,-3.47
2012-08-27T03:22:13.241054Z,32.9066,-115.7532,10,-4.12
2012-08-27T03:26:40.376554Z,32.9266,-115.5932,17,-4.27
2012-08-27T04:26:01.941389Z,32.7466,-115.5132,1,-3.48
2012-08-27T04:50:03.182109Z,32.9666,-115.5132,7,-2.69
2012-08-27T04:57:03.282722Z,32.9466,-115.5332,24,-2.97
2012-08-27T05:05:15.137659Z,32.9266,-115.4932,16,-3.63
2012-08-27T05:09:04.392642Z,32.9466,-115.5532,23,-1.96
2012-08-27T06:05:16.732778Z,32.9266,-115.6332,11,-3.96
2012-08-27T06:06:17.444127Z,32.9466,-115.5532,20,-3.38
2012-08-27T06:10:25.938016Z,32.6666,-115.4532,13,-3.68
2012-08-27T06:46:17.651055Z,32.9866,-115.5932,22,-3.86
2012-08-27T06:47:54.363968Z,33.1466,-115.4532,23,-3.28
2012-08-27T07:03:56.368396Z,32.8866,-115.5132,19,-4.11
2012-08-27T07:39:50.299071Z,32.9466,-115.5532,14,-3.63
2012-08-27T08:21:41.689008Z,32.8266,-115.5932,20,-4.29
2012-08-27T08:58:22.705522Z,32.9666,-115.6332,1,-3.69
2012-08-27T09:06:42.221270Z,32.7666,-115.4332,21,-4.46
2012-08-27T09:10:40.589643Z,32.8666,-115.5132,14,-4.50
2012-08-27T09:25:41.576491Z,32.8866,-115.5332,20,-4.32
2012-08-27T09:28:56.813571Z,32.8866,-115.5332,21,-3.99
2012-08-27T09:37:47.615000Z,32.7466,-115.5332,18,-3.30
2012-08-27T14:44:40.538793Z,32.8266,-115.6932,23,-3.25
2012-08-27T16:30:54.970601Z,32.9666,-115.5332,20,-3.30
2012-08-27T18:36:12.287143Z,32.9266,-115.5332,22,-3.52
2012-08-27T00:01:54.224967Z,32.8466,-115.5332,14,-3.62
2012-08-27T00:19:47.573254Z,32.8066,-115.5732,21,-3.75
2012-08-27T00:24:45.620635Z,32.8466,-115.5132,18,-3.79
2012-08-27T00:29:42.075079Z,32.6466,-115.3932,1,-4.14
2012-08-27T00:30:10.576452Z,32.8266,-115.5532,13,-3.92
2012-08-27T00:38:41.191633Z,32.7866,-115.5732,22,-4.07
2012-08-27T01:10:11.054332Z,32.9466,-115.6132,25,-3.81
2012-08-27T02:10:49.007047Z,32.9266,-115.4732,13,-3.23
2012-08-27T02:11:46.879729Z,32.9666,-115.6132,7,-3.35
2012-08-27T02:20:36.709444Z,33.4666,-115.8932,17,-3.55
2012-08-27T02:20:53.558532Z,33.0866,-115.5132,25,-3.39
2012-08-27T02:40:55.267030Z,32.8266,-115.5332,1,-4.13
2012-08-27T02:47:24.224966Z,32.9266,-115.6332,1,-3.73
2012-08-27T03:21:05.490476Z,32.8866,-115.5132,17,-3.85
2012-08-27T04:00:28.525317Z,32.8266,-115.5132,21,-3.77
2012-08-27T05:04:42.906888Z,33.2266,-115.4332,25,-3.62
2012-08-27T05:07:44.524173Z,33.1666,-115.5532,21,-3.80
2012-08-27T05:11:13.985284Z,32.8666,-115.6532,22,-3.41
2012-08-27T05:21:43.057506Z,32.8866,-115.4932,21,-2.92
2012-08-27T05:36:12.014428Z,32.7866,-115.5332,22,-4.07
2012-08-27T05:38:42.517381Z,32.7666,-115.5332,10,-3.30
2012-08-27T07:18:50.135159Z,32.9266,-115.5532,21,-3.47
2012-08-27T07:36:14.785952Z,32.9066,-115.5332,19,-4.17
2012-08-27T08:39:43.584841Z,32.7666,-115.5532,15,-3.95
2012-08-27T13:15:59.798776Z,32.8466,-115.5132,15,-3.74
2012-08-27T13:33:35.336871Z,32.9466,-115.5532,14,-3.26
2012-08-27T14:19:34.140840Z,33.0066,-115.5132,7,-3.89
2012-08-27T20:03:39.651951Z,32.9666,-115.5132,24,-3.53
2012-08-27T00:26:39.421792Z,32.9666,-115.6532,25,-3.72
2012-08-27T00:32:08.630635Z,33.0066,-115.5132,22,-3.66
2012-08-27T01:04:17.347976Z,32.7066,-115.5732,1,-3.52
2012-08-27T03:16:30.619229Z,32.9266,-115.5732,23,-3.75
2012-08-27T03:17:01.433300Z,32.9066,-115.5932,23,-3.76
2012-08-27T03:41:40.121349Z,32.9266,-115.6932,19,-3.51
2012-08-27T04:06:24.941571Z,32.9666,-115.5932,8,-4.14
2012-08-27T04:13:48.614586Z,32.8066,-115.5332,18,-3.90
2012-08-27T04:47:31.358056Z,32.9266,-115.4732,16,-2.85
2012-08-27T05:33:42.549230Z,33.2266,-115.5332,22,-3.46
2012-08-27T05:54:57.439127Z,33.1066,-115.5332,24,-3.93
2012-08-27T07:03:17.356253Z,33.3666,-115.8132,23,-4.60
2012-08-27T07:07:04.957506Z,32.9466,-115.6332,1,-3.99
2012-08-27T07:20:54.618968Z,32.8866,-115.5332,18,-4.30
2012-08-27T08:27:36.200182Z,32.9466,-115.5932,14,-3.41
2012-08-27T08:38:30.321905Z,33.3866,-116.2132,23,-3.39
2012-08-27T09:23:02.177959Z,33.0266,-115.6732,8,-4.03
2012-08-27T09:36:02.720436Z,32.8866,-115.5532,21,-3.50
2012-08-27T09:41:19.203254Z,32.7666,-115.5732,18,-3.84
2012-08-27T10:24:58.949921Z,32.6866,-115.4532,9,-4.22
2012-08-27T10:44:15.777563Z,32.8066,-115.4732,12,-4.11
2012-08-27T10:52:19.732381Z,32.9066,-115.4932,16,-4.19
2012-08-27T10:57:57.409547Z,32.6466,-115.7932,16,-4.27
2012-08-27T13:26:55.352460Z,32.7866,-115.5132,15,-3.99
2012-08-27T16:41:45.471792Z,32.9266,-115.5532,21,-3.23
2012-08-27T18:08:00.528142Z,32.9466,-115.5732,23,-3.34
2012-08-27T20:16:54.167030Z,32.9666,-115.5332,24,-3.10
2012-08-27T00:01:33.973730Z,33.5066,-116.1532,16,-3.58
2012-08-27T00:23:33.954445Z,32.7266,-115.5132,1,-3.40
2012-08-27T00:52:42.994808Z,33.4066,-116.2132,23,-3.74
2012-08-27T00:53:10.998333Z,32.8266,-115.5332,16,-4.11
2012-08-27T01:23:02.904444Z,32.9666,-115.5732,13,-4.19
2012-08-27T01:50:33.630182Z,33.5266,-115.9132,23,-3.65
2012-08-27T02:10:28.668175Z,33.2066,-114.9732,25,-3.45
2012-08-27T02:50:20.772183Z,33.5666,-115.2932,25,-3.60
2012-08-27T03:35:02.117602Z,32.7066,-115.4332,1,-3.97
2012-08-27T03:40:12.811825Z,32.7066,-115.3332,1,-3.21
2012-08-27T03:50:13.542778Z,32.8066,-115.5332,22,-3.73
2012-08-27T03:52:42.428095Z,32.7666,-115.4132,22,-3.96
2012-08-27T03:53:25.756667Z,32.7866,-115.5132,8,-4.22
2012-08-27T03:59:16.686984Z,32.7266,-115.5132,1,-3.10
2012-08-27T04:15:32.288333Z,32.6866,-115.5332,1,-3.26
2012-08-27T04:22:51.642761Z,32.9266,-115.5532,19,-3.62
2012-08-27T04:46:19.364586Z,32.8466,-115.3532,1,-2.59
2012-08-27T05:07:37.315443Z,33.4466,-115.6532,25,-3.33
2012-08-27T05:10:31.164762Z,32.7666,-115.6132,13,-3.09
2012-08-27T05:12:00.985182Z,32.9266,-115.4932,1,-3.55
2012-08-27T05:13:26.759444Z,32.9466,-115.5332,14,-4.09
2012-08-27T05:20:50.433333Z,33.0466,-115.5332,24,-3.11
2012-08-27T05:46:08.923832Z,32.5666,-115.5332,22,-3.02
2012-08-27T05:47:29.227143Z,32.9866,-115.6932,1,-3.02
2012-08-27T06:23:44.864762Z,32.9066,-115.4732,15,-3.64
2012-08-27T06:44:26.234127Z,32.5666,-115.6732,17,-4.42
2012-08-27T06:53:43.104127Z,32.7666,-115.7132,1,-3.63
2012-08-27T07:12:01.758651Z,32.9066,-115.5132,1,-4.48
2012-08-27T07:20:59.709428Z,32.6866,-115.5532,1,-4.22
2012-08-27T07:32:05.338254Z,32.8666,-115.6332,20,-2.55
2012-08-27T07:49:30.761349Z,32.6666,-115.4732,1,-4.27
2012-08-27T07:53:37.565873Z,32.9066,-115.5732,14,-3.88
2012-08-27T08:38:55.289252Z,32.9066,-115.5932,23,-3.95
2012-08-27T08:57:17.457840Z,33.5666,-115.9732,15,-3.26
2012-08-27T08:59:49.139365Z,32.7466,-115.5132,1,-3.80
2012-08-27T09:18:00.281316Z,32.7066,-115.5532,6,-4.18
2012-08-27T10:57:32.721213Z,32.8866,-115.4932,14,-4.03
2012-08-27T11:17:58.246610Z,32.6866,-115.5532,1,-4.08
2012-08-27T12:11:04.368617Z,32.6466,-115.4932,1,-3.90
2012-08-27T13:37:12.670999Z,33.0266,-115.5732,19,-3.80
2012-08-27T15:03:39.724524Z,32.8666,-115.5132,17,-3.57
2012-08-27T15:38:26.974524Z,32.8266,-115.5132,13,-3.95
2012-08-27T16:52:00.615000Z,32.8666,-115.5532,18,-3.34
2012-08-27T17:55:59.654332Z,32.9066,-115.4932,12,-4.13
2012-08-27T00:26:46.177563Z,32.8666,-115.3532,1,-3.43
2012-08-27T00:29:44.585397Z,32.5666,-116.1932,1,-3.52
2012-08-27T00:40:19.237778Z,32.7266,-115.4732,4,-3.42
2012-08-27T00:44:53.736310Z,33.0866,-115.5132,25,-3.70
2012-08-27T01:17:42.300539Z,33.5066,-114.9732,25,-3.55
2012-08-27T01:25:11.122364Z,32.6866,-116.0532,20,-4.16
2012-08-27T01:36:11.000142Z,32.8866,-115.5332,8,-4.11
2012-08-27T01:50:51.127897Z,32.8466,-115.6332,21,-3.84
2012-08-27T02:10:41.926554Z,32.8466,-115.7132,22,-3.92
2012-08-27T02:20:01.975873Z,32.8666,-115.4932,1,-3.70
2012-08-27T02:36:35.521389Z,33.3866,-115.3132,25,-3.92
2012-08-27T02:42:16.578810Z,32.7666,-115.5132,1,-3.78
2012-08-27T03:14:32.133690Z,32.8066,-115.6132,19,-3.98
2012-08-27T03:24:00.338674Z,32.7866,-115.6332,18,-4.19
2012-08-27T03:44:17.021627Z,32.7266,-115.4732,1,-3.83
2012-08-27T03:58:35.676111Z,32.5666,-115.6132,21,-4.05
2012-08-27T04:52:15.280579Z,32.7266,-115.5932,1,-2.83
2012-08-27T04:53:17.225516Z,32.6866,-115.5332,1,-2.88
2012-08-27T04:55:40.865674Z,32.7666,-115.6132,19,-3.96
2012-08-27T04:59:34.555794Z,32.7666,-115.4332,1,-3.18
2012-08-27T05:20:57.139286Z,32.6266,-115.7932,1,-3.77
2012-08-27T05:22:56.115714Z,32.6466,-115.4332,1,-3.61
2012-08-27T06:07:55.435737Z,33.0066,-116.1732,18,-1.40
2012-08-27T06:11:19.941230Z,32.8266,-115.4932,1,-3.72
2012-08-27T06:17:18.390840Z,32.7066,-115.4932,1,-3.95
2012-08-27T06:47:35.386587Z,32.5666,-115.8532,23,-3.34
2012-08-27T06:51:21.905919Z,32.9266,-115.5932,19,-3.76
2012-08-27T06:51:30.426905Z,32.8066,-115.3732,1,-3.95
2012-08-27T06:55:17.073379Z,32.6066,-115.5532,1,-3.66
2012-08-27T07:06:13.020556Z,32.6466,-115.6332,1,-4.22
2012-08-27T07:39:00.833571Z,32.6866,-115.5332,10,-3.87
2012-08-27T07:41:44.309428Z,32.6866,-115.5532,3,-4.10
2012-08-27T08:00:58.157500Z,32.7866,-115.4932,17,-3.98
2012-08-27T08:28:34.978294Z,32.9266,-115.5532,21,-4.24
2012-08-27T08:38:13.856191Z,32.7466,-115.4932,1,-4.02
2012-08-27T08:53:30.221213Z,32.8866,-115.8332,1,-4.44
2012-08-27T08:55:09.617659Z,33.2666,-115.3732,25,-4.00
2012-08-27T09:07:11.672936Z,32.6866,-115.5332,1,-4.03
2012-08-27T09:20:03.363175Z,32.6266,-115.5732,5,-3.89
2012-08-27T09:24:09.924507Z,32.5666,-115.6532,12,-4.11
2012-08-27T09:33:49.216905Z,32.5666,-115.6532,13,-3.94
2012-08-27T09:45:31.709269Z,32.8266,-115.5332,9,-4.16
2012-08-27T09:49:43.371627Z,32.9266,-115.9132,24,-3.76
2012-08-27T10:05:37.018912Z,32.8266,-115.5332,1,-3.86
2012-08-27T10:10:42.285952Z,32.8666,-115.5332,25,-4.43
2012-08-27T10:40:56.542857Z,32.6066,-115.4332,9,-4.31
2012-08-27T11:39:35.718492Z,32.7666,-115.4332,1,-4.06
2012-08-27T11:47:51.590119Z,32.8066,-115.5332,1,-4.20
2012-08-27T12:26:48.116055Z,32.8466,-115.5132,14,-4.18
2012-08-27T13:24:43.506713Z,32.6466,-115.6532,1,-3.77
2012-08-27T15:44:58.661475Z,33.0866,-115.3532,25,-4.72
2012-08-27T17:00:57.741849Z,32.7866,-115.5332,11,-3.98
2012-08-27T17:12:21.222007Z,32.8266,-115.5932,12,-3.23
2012-08-27T17:14:09.790675Z,32.5866,-115.3132,1,-2.91
2012-08-27T17:47:50.979564Z,32.9066,-115.6732,23,-2.07
2012-08-27T18:05:50.564524Z,32.6066,-115.2732,10,-1.75
2012-08-27T19:25:40.937381Z,32.8466,-115.5932,23,-3.58
2012-08-27T23:55:17.040046Z,32.9066,-115.6132,1,-3.93
2012-08-27T00:15:37.334921Z,32.9266,-115.5732,12,-3.42
2012-08-27T00:15:42.514722Z,32.7866,-115.5532,1,-3.94
2012-08-27T00:22:07.404762Z,32.7866,-115.5332,1,-3.99
2012-08-28T23:17:41.090046Z,32.8866,-115.5332,12,-3.08
2012-08-28T01:48:12.331610Z,32.9666,-115.5332,24,-3.65
2012-08-28T08:54:15.154332Z,32.9066,-115.5932,16,-2.11
2012-08-28T00:20:39.944921Z,32.9466,-115.5532,18,-3.42
2012-08-28T01:30:56.558515Z,33.0266,-115.5932,1,-3.89
2012-08-28T06:56:16.239031Z,32.8466,-115.5532,18,-3.26
2012-08-28T10:31:59.320754Z,32.9466,-115.5332,18,-3.44
2012-08-28T13:37:28.478730Z,32.9266,-115.5532,17,-3.48
2012-08-28T10:12:59.531190Z,32.8466,-115.5132,21,-3.58
2012-08-28T23:52:44.758095Z,32.8266,-115.5332,15,-3.15
2012-08-28T21:30:28.603141Z,32.9466,-115.5332,12,-3.39
2012-08-28T22:54:13.431548Z,32.7866,-115.5132,18,-3.11
2012-08-28T09:59:13.623135Z,32.9066,-115.5532,19,-3.76
2012-08-28T19:23:26.664649Z,32.8866,-115.5732,25,-3.66
2012-08-28T02:06:59.352563Z,32.9466,-115.5932,20,-3.28
2012-08-28T06:59:55.858651Z,32.9866,-115.5532,24,-3.81
2012-08-28T08:53:16.625119Z,32.8466,-115.5532,19,-3.53
2012-08-28T10:52:00.258532Z,32.9266,-115.5532,18,-3.48
2012-08-28T01:49:45.377064Z,32.7466,-115.5532,14,-3.40
2012-08-28T04:17:44.239983Z,32.9266,-115.5532,22,-3.78
2012-08-28T07:51:13.315278Z,33.0066,-115.6132,25,-3.89
2012-08-28T18:47:45.132110Z,33.0066,-115.5932,20,-3.26
2012-08-28T20:05:30.041633Z,32.5666,-115.9732,1,-2.18
2012-08-28T02:55:16.007937Z,32.8666,-115.5532,21,-3.51
2012-08-28T08:35:48.825397Z,32.9466,-115.5732,20,-3.33
2012-08-28T10:44:07.520539Z,32.8466,-115.5332,16,-3.14
2012-08-28T10:59:34.743221Z,32.8266,-115.5732,17,-2.88
2012-08-28T23:50:52.835221Z,32.9066,-115.5132,21,-3.48
2012-08-28T01:57:27.250952Z,32.9066,-115.5332,14,-3.76
2012-08-28T06:06:26.200238Z,32.7266,-115.5532,12,-3.71
2012-08-28T07:02:52.021508Z,32.8466,-115.5332,17,-3.64
2012-08-28T07:44:45.910556Z,32.8066,-115.4932,9,-4.06
2012-08-28T09:18:17.237087Z,32.9066,-115.5532,20,-3.78
2012-08-28T09:29:31.279904Z,33.0266,-115.5932,20,-3.38
2012-08-28T21:17:04.890595Z,32.9066,-115.5732,20,-3.16
2012-08-28T02:24:26.745476Z,32.8466,-115.5532,25,-4.00
2012-08-28T02:57:25.881905Z,33.0266,-115.4732,23,-3.18
2012-08-28T02:59:00.247857Z,32.7266,-115.6332,18,-3.90
2012-08-28T03:15:27.326055Z,32.7066,-115.5132,7,-3.81
2012-08-28T03:29:00.528016Z,32.8466,-115.5732,20,-3.72
2012-08-28T03:45:27.475397Z,33.0266,-115.5332,25,-3.54
2012-08-28T04:42:16.430397Z,32.8066,-115.4732,11,-3.72
2012-08-28T07:58:55.753142Z,32.9066,-115.5532,21,-3.99
2012-08-28T09:20:00.082540Z,32.7266,-115.6132,17,-3.87
2012-08-28T10:08:32.714587Z,33.0266,-115.6732,9,-3.18
2012-08-28T11:47:44.610119Z,32.9866,-115.4932,22,-4.17
2012-08-28T01:21:57.718492Z,32.9266,-115.5332,19,-4.13
2012-08-28T03:23:18.896508Z,32.9266,-115.5132,13,-3.96
2012-08-28T03:36:27.392302Z,32.7266,-115.4732,1,-3.83
2012-08-28T04:12:44.430397Z,32.9266,-115.4532,19,-3.96
2012-08-28T04:57:18.942976Z,32.9266,-115.5932,22,-2.45
2012-08-28T05:44:27.440840Z,32.7266,-115.5132,6,-3.95
2012-08-28T07:51:57.750817Z,32.8266,-115.5532,23,-3.71
2012-08-28T08:24:26.937024Z,32.7466,-115.5132,15,-4.19
2012-08-28T08:56:00.450476Z,32.8266,-115.5732,19,-3.56
2012-08-28T09:43:11.517302Z,32.7266,-115.5132,20,-3.95
2012-08-28T11:13:13.412659Z,32.8266,-115.5732,17,-3.60
2012-08-28T11:28:07.818832Z,32.9466,-115.5332,10,-3.60
2012-08-28T11:30:12.645754Z,32.8866,-115.5532,22,-3.97
2012-08-28T21:58:02.960833Z,32.9266,-115.5732,22,-2.60
2012-08-28T02:45:49.359887Z,32.9266,-115.5532,19,-3.16
2012-08-28T03:15:03.917698Z,32.7266,-115.5132,1,-3.70
2012-08-28T03:49:29.747857Z,32.9066,-115.5732,25,-3.83
2012-08-28T06:59:24.426667Z,32.7666,-115.5532,22,-4.09
2012-08-28T07:40:35.000238Z,32.7266,-115.4932,1,-3.69
2012-08-28T07:52:37.065079Z,32.8266,-115.5332,16,-4.11
2012-08-28T07:54:49.243515Z,32.5666,-115.6532,1,-3.92
2012-08-28T08:05:19.055794Z,32.8866,-115.5332,18,-3.89
2012-08-28T09:31:32.775992Z,32.9466,-115.4932,18,-3.87
2012-08-28T09:56:45.761825Z,32.9666,-115.5932,10,-4.33
2012-08-28T10:17:34.495754Z,32.9266,-115.5132,15,-3.88
2012-08-28T11:09:58.836310Z,32.7866,-115.5932,22,-3.82
2012-08-28T01:44:40.870318Z,32.6266,-115.4132,1,-3.72
2012-08-28T03:35:16.567976Z,32.8866,-115.5532,22,-3.37
2012-08-28T04:44:00.727579Z,32.8266,-115.5332,21,-3.93
2012-08-28T06:26:07.286412Z,32.8666,-115.5532,19,-3.97
2012-08-28T08:49:50.654087Z,32.8266,-115.5332,16,-3.70
2012-08-28T09:27:24.544808Z,32.9666,-115.5732,25,-3.90
2012-08-28T09:46:46.025301Z,32.8866,-115.5132,16,-4.33
2012-08-28T09:56:13.053770Z,32.6866,-115.4932,3,-3.88
2012-08-28T10:46:03.990317Z,32.7666,-115.5532,13,-3.07
2012-08-28T11:07:56.435975Z,32.8266,-115.5532,3,-4.32
2012-08-28T11:10:27.078198Z,32.8266,-115.5532,19,-4.01
2012-08-28T13:39:46.673135Z,32.9066,-115.5532,19,-3.40
2012-08-28T16:33:57.100357Z,32.8066,-115.5132,15,-3.35
2012-08-28T22:54:08.317460Z,32.5666,-115.4332,24,-2.92
2012-08-28T22:54:18.696729Z,32.7866,-115.8932,3,-4.34
2012-08-28T00:52:48.309094Z,32.9266,-115.5532,23,-4.17
2012-08-28T02:07:43.754332Z,32.8466,-115.7332,23,-3.52
2012-08-28T02:17:50.724405Z,32.8666,-115.5132,18,-3.65
2012-08-28T03:50:43.059887Z,32.8866,-115.4732,18,-3.91
2012-08-28T04:51:04.865317Z,32.7866,-115.5132,16,-3.68
2012-08-28T07:05:12.972143Z,32.7266,-115.5332,13,-4.21
2012-08-28T08:12:18.689603Z,32.7666,-115.5332,17,-4.10
2012-08-28T12:49:55.676905Z,32.8466,-115.4932,10,-4.11
2012-08-28T23:17:46.997540Z,32.7666,-115.3132,1,-3.04
2012-08-28T02:00:30.224349Z,32.8266,-115.5532,17,-4.03
2012-08-28T02:01:18.817976Z,32.9266,-115.6132,20,-1.16
2012-08-28T04:15:17.467937Z,32.5666,-115.8132,1,-3.95
2012-08-28T04:20:57.451270Z,32.8866,-115.4532,20,-3.81
2012-08-28T04:52:43.967761Z,33.0266,-115.6532,11,-4.06
2012-08-28T06:35:14.980698Z,32.9666,-115.5732,14,-4.10
2012-08-28T07:56:27.385284Z,32.9066,-115.6732,1,-4.58
2012-08-28T07:57:58.970079Z,32.9066,-115.5132,18,-4.16
2012-08-28T08:58:16.591746Z,32.9466,-115.5132,20,-3.77
2012-08-28T10:05:28.987778Z,32.9866,-115.7132,23,-3.98
2012-08-28T10:16:25.356786Z,32.8066,-115.4532,24,-4.01
2012-08-28T10:44:13.832460Z,32.7066,-115.1532,1,-3.29
2012-08-28T11:03:40.567245Z,32.7666,-115.5132,21,-4.23
2012-08-28T11:06:26.701706Z,32.6266,-115.6332,14,-4.17
2012-08-28T11:43:32.008056Z,32.8866,-115.5132,14,-4.46
2012-08-28T11:46:55.107840Z,32.9266,-115.5532,20,-4.49
2012-08-28T12:15:59.623135Z,32.8866,-115.4732,10,-4.02
2012-08-28T12:39:36.691174Z,32.8866,-115.6132,23,-3.53
2012-08-28T12:39:43.096905Z,32.6866,-115.6132,1,-3.57
2012-08-28T15:33:07.423889Z,32.9666,-115.5732,9,-3.53
2012-08-28T17:25:58.689031Z,32.8466,-115.5132,4,-4.14
2012-08-28T19:15:32.060913Z,32.8066,-115.4932,1,-3.75
2012-08-28T20:42:12.343952Z,32.7866,-115.5332,17,-4.02
2012-08-28T22:57:07.227500Z,32.9266,-115.5332,3,-3.78
2012-08-28T23:09:56.221967Z,32.8266,-115.4932,10,-4.32
2012-08-28T00:52:00.558175Z,33.0666,-115.5132,11,-4.05
2012-08-28T01:07:52.535714Z,32.9466,-115.5532,2,-3.69
2012-08-29T01:53:15.825119Z,32.8466,-115.5532,17,-3.34
2012-08-29T01:55:58.227642Z,33.0866,-115.6132,11,-3.46
2012-08-29T04:30:13.268968Z,32.7466,-115.5532,14,-3.67
2012-08-29T05:47:32.493833Z,32.9466,-115.5732,20,-3.63
2012-08-29T05:02:12.976349Z,32.9466,-115.5532,19,-3.73
2012-08-29T08:07:39.408651Z,33.0466,-115.6332,25,-3.47
2012-08-29T09:31:00.301951Z,33.0066,-115.5732,15,-3.59
2012-08-29T10:33:24.626270Z,32.9666,-115.5132,20,-3.56
2012-08-29T19:45:02.100000Z,32.8466,-115.5932,22,-3.09
2012-08-29T20:42:34.405238Z,32.8466,-115.5732,18,-2.69
2012-08-29T03:15:43.116570Z,32.9266,-115.5132,18,-3.59
2012-08-29T13:07:16.150300Z,32.9466,-115.5332,21,-3.36
2012-08-29T13:41:44.833118Z,32.5666,-115.8732,1,-3.22
2012-08-29T00:22:27.644808Z,32.7866,-115.5532,20,-3.82
2012-08-29T02:29:05.128935Z,32.8266,-115.5532,20,-3.21
2012-08-29T06:46:12.882841Z,32.9666,-115.5732,20,-3.99
2012-08-29T23:51:44.714649Z,32.8866,-115.4932,15,-3.60
2012-08-29T08:16:27.003872Z,32.9466,-115.5732,25,-3.81
2012-08-29T08:25:28.729841Z,32.9866,-115.5732,25,-3.92
2012-08-29T08:29:42.747421Z,32.8466,-115.5532,17,-4.13
2012-08-29T08:31:00.640658Z,32.8266,-115.5332,19,-4.04
2012-08-29T10:15:32.406032Z,32.9466,-115.5532,22,-3.80
2012-08-29T10:19:31.881190Z,32.9666,-115.5332,19,-4.05
2012-08-29T11:13:20.655198Z,32.9466,-115.5332,14,-3.80
2012-08-29T13:53:00.191905Z,32.9866,-115.4932,21,-2.90
2012-08-29T02:22:26.884887Z,32.7266,-115.6532,9,-3.93
2012-08-29T04:03:45.793221Z,32.6866,-115.5932,1,-3.98
2012-08-29T04:07:00.497857Z,32.8066,-115.5332,14,-3.76
2012-08-29T05:26:55.917030Z,32.6666,-115.4532,1,-4.34
2012-08-29T08:53:28.630397Z,32.9466,-115.5332,21,-4.08
2012-08-29T09:23:07.199570Z,32.9266,-115.5732,20,-3.98
2012-08-29T09:34:53.812268Z,32.9066,-115.5132,22,-3.77
2012-08-29T11:11:13.004332Z,32.8866,-115.6132,20,-3.96
2012-08-29T03:54:18.110436Z,32.7866,-115.4932,6,-4.04
2012-08-29T07:37:45.079547Z,32.9466,-115.5332,10,-4.37
2012-08-29T08:19:58.422523Z,32.9466,-115.5132,18,-4.07
2012-08-29T10:29:42.024524Z,33.0666,-115.6332,13,-4.23
2012-08-29T10:40:55.667205Z,32.6666,-115.4332,1,-4.59
2012-08-29T19:40:13.503753Z,32.9066,-115.5132,15,-4.05
2012-08-29T01:03:34.258175Z,32.8866,-115.5132,13,-4.01
2012-08-29T01:56:03.336071Z,32.8866,-115.3932,1,-3.57
2012-08-29T03:50:00.656071Z,32.8266,-115.4732,1,-3.92
2012-08-29T04:39:05.851032Z,32.9066,-115.5132,18,-3.80
2012-08-29T05:04:47.476190Z,33.0866,-115.7932,11,-3.89
2012-08-29T07:09:45.785397Z,32.8066,-115.5332,15,-4.18
2012-08-29T07:31:45.239252Z,32.8266,-115.5732,22,-4.45
2012-08-29T07:44:31.953538Z,32.7066,-115.5532,10,-4.38
2012-08-29T07:53:48.678294Z,32.6666,-115.3932,1,-3.63
2012-08-29T08:03:26.905919Z,32.7266,-115.5532,12,-4.21
2012-08-29T09:05:19.016111Z,32.9466,-115.5332,19,-4.12
2012-08-29T10:07:31.273016Z,32.8866,-115.4532,6,-3.98
2012-08-29T13:00:26.027698Z,32.7866,-115.5532,17,-4.17
2012-08-29T04:03:20.601332Z,32.6866,-115.5532,5,-3.70
2012-08-29T04:20:51.715380Z,32.9466,-115.5532,6,-4.13
2012-08-30T04:15:27.697189Z,32.8866,-115.5732,22,-3.67
2012-08-30T01:25:58.669841Z,32.8866,-115.5532,17,-2.61
2012-08-30T06:56:59.783810Z,32.8666,-115.5532,20,-3.35
2012-08-30T10:18:56.234490Z,32.9266,-115.5532,20,-2.84
2012-08-30T02:25:11.274643Z,32.8866,-115.5532,3,-3.43
2012-08-30T11:03:23.252540Z,33.1666,-115.8132,25,-3.93
2012-08-30T01:42:56.264150Z,32.9666,-115.5332,14,-3.72
2012-08-30T12:59:56.370205Z,32.7866,-115.5332,13,-3.58
2012-08-30T06:17:33.832778Z,32.8466,-115.5532,20,-3.40
2012-08-30T10:02:13.978016Z,32.8466,-115.5132,23,-3.98
2012-08-30T09:03:43.189524Z,32.7666,-115.5532,11,-4.02
2012-08-30T17:50:00.531253Z,32.9466,-115.5532,24,-2.86
2012-08-30T02:37:17.569841Z,32.8266,-115.5332,19,-3.07
2012-08-30T08:25:02.377285Z,32.8466,-115.5532,23,-3.70
2012-08-30T10:34:57.617421Z,32.9266,-115.5332,19,-4.29
2012-08-30T12:38:11.319841Z,32.7866,-115.5932,10,-3.62
2012-08-30T00:08:12.102381Z,32.8666,-115.5532,25,-3.41
2012-08-30T09:33:50.388333Z,32.9466,-115.5532,17,-3.38
2012-08-30T18:47:54.064428Z,32.9666,-115.5932,16,-3.55
2012-08-30T03:05:13.703413Z,32.7866,-115.4732,17,-3.15
2012-08-30T06:48:13.398832Z,32.9866,-115.5332,24,-4.01
2012-08-30T09:33:10.512086Z,32.8066,-115.5732,20,-3.48
2012-08-30T22:56:44.231468Z,32.8266,-115.5732,18,-3.76
2012-08-30T04:45:20.454683Z,32.7666,-115.5132,1,-3.05
2012-08-30T09:13:00.423016Z,32.8866,-115.4932,15,-3.66
2012-08-30T09:44:27.231071Z,32.6666,-115.4932,1,-4.28
2012-08-30T00:57:30.818373Z,32.9466,-115.5332,17,-3.60
2012-08-30T01:58:44.966349Z,32.8066,-115.5132,10,-3.93
2012-08-30T05:23:46.333872Z,32.9066,-115.4932,18,-3.85
2012-08-30T05:58:11.693770Z,32.8266,-115.5332,15,-4.22
2012-08-30T08:42:38.966967Z,33.0066,-116.2132,23,-4.48
2012-08-30T08:54:59.747761Z,32.6866,-115.5332,8,-3.99
2012-08-30T09:36:33.572761Z,32.6666,-115.5132,1,-3.89
2012-08-30T10:37:31.145595Z,32.9066,-115.4732,16,-3.99
2012-08-30T12:50:41.095714Z,32.7666,-115.4932,13,-3.59
2012-08-30T23:20:13.785000Z,32.8266,-115.5932,21,-3.41
2012-08-30T01:52:11.510102Z,32.6266,-115.3932,1,-3.80
2012-08-30T04:39:14.255476Z,32.8866,-115.4732,18,-3.82
2012-08-30T05:34:31.058968Z,32.9066,-115.4932,17,-3.82
2012-08-30T05:39:20.890714Z,32.8466,-115.6532,24,-3.52
2012-08-30T08:15:56.462444Z,32.8266,-115.4932,17,-4.20
2012-08-30T08:37:13.874570Z,32.6666,-115.5532,1,-4.47
2012-08-30T09:19:47.242818Z,32.8866,-115.5132,16,-4.06
2012-08-30T11:30:56.668492Z,32.9266,-115.5732,24,-4.08
2012-08-30T12:46:19.876984Z,32.6866,-115.5932,1,-3.92
2012-08-30T13:01:02.207064Z,32.6866,-115.5532,4,-3.49
2012-08-30T13:09:56.961349Z,32.7666,-115.4932,20,-3.24
2012-08-30T18:59:25.937420Z,32.7866,-115.5332,24,-3.67
2012-08-30T20:20:59.887222Z,32.8066,-115.5132,13,-3.68
2012-08-30T02:36:00.916111Z,32.8866,-115.4532,12,-4.28
2012-08-30T03:01:12.085635Z,32.9066,-115.5732,24,-3.87
2012-08-30T03:05:05.715159Z,33.3266,-115.6132,25,-3.26
2012-08-30T03:45:13.549921Z,32.8466,-115.6532,20,-4.35
2012-08-30T06:53:59.225317Z,32.7666,-115.4932,4,-4.43
2012-08-30T07:48:14.958016Z,32.6866,-115.5132,1,-4.12
2012-08-30T08:59:13.845539Z,32.6666,-115.5332,1,-4.23
2012-08-30T12:10:17.115222Z,32.6866,-115.5532,1,-3.75
2012-08-30T12:49:23.712268Z,32.7466,-115.6132,1,-3.55
2012-08-30T01:21:35.345476Z,32.7466,-115.5132,1,-3.90
2012-08-30T01:44:15.170318Z,32.6866,-115.5532,15,-3.82
2012-08-30T02:29:50.470635Z,32.7466,-115.3932,1,-4.10
2012-08-30T02:42:12.852302Z,32.7266,-115.5532,11,-3.96
2012-08-30T03:20:17.384603Z,32.7266,-115.5532,1,-3.87
2012-08-30T03:43:25.805555Z,33.0666,-116.2132,25,-4.09
2012-08-30T05:25:53.018611Z,32.5666,-115.5932,1,-4.13
2012-08-30T05:26:15.018175Z,32.9066,-115.4332,16,-3.81
2012-08-30T06:06:12.464762Z,33.0666,-115.6732,19,-3.82
2012-08-30T06:52:48.466905Z,33.1866,-114.9732,24,-3.14
2012-08-30T08:17:32.068617Z,32.6866,-115.5732,3,-3.88
2012-08-30T08:52:59.166236Z,33.0266,-116.0532,5,-4.52
2012-08-30T09:24:39.994808Z,32.6266,-115.4332,1,-4.36
2012-08-30T10:19:01.804762Z,32.6466,-115.7932,1,-3.26
2012-08-30T10:30:43.195602Z,32.6866,-115.5532,6,-4.33
2012-08-30T11:03:22.838459Z,32.5666,-115.7932,14,-3.49
2012-08-30T12:04:56.030397Z,32.6666,-115.4332,1,-3.99
2012-08-30T13:09:37.155556Z,32.9266,-115.5732,20,-3.78
2012-08-30T17:15:11.866570Z,32.7666,-115.5132,6,-4.34
2012-08-30T18:29:43.072936Z,32.8066,-115.5932,1,-3.82
2012-08-30T18:47:58.704206Z,32.7866,-115.1132,1,-3.72
2012-08-30T18:50:38.137540Z,32.6266,-115.5332,1,-3.13
2012-08-30T19:07:30.149921Z,32.6666,-115.4332,1,-3.93
2012-08-30T23:12:13.812268Z,32.8866,-115.9932,8,-4.42
2012-08-30T23:27:51.540840Z,33.1666,-115.3132,24,-4.52
2012-08-30T00:59:33.891349Z,32.7666,-115.5132,5,-3.71
2012-08-30T01:27:03.793611Z,32.6866,-115.5332,1,-3.61
2012-08-30T01:53:15.885675Z,32.9266,-115.4532,14,-3.91
2012-08-30T02:06:56.135159Z,32.9066,-115.4932,9,-4.21
2012-08-30T02:41:06.281309Z,32.6866,-115.5132,1,-4.06
2012-08-30T03:10:28.917421Z,32.6866,-115.5532,1,-3.49
2012-08-30T06:11:02.959722Z,32.7066,-115.5132,1,-3.95
2012-08-30T07:00:35.694683Z,32.7466,-115.5132,1,-3.86
2012-08-30T07:29:47.497642Z,32.6866,-115.5332,8,-4.20
2012-08-30T08:17:23.003538Z,33.2466,-115.5532,25,-4.12
2012-08-30T09:03:48.886078Z,32.8866,-115.4732,1,-4.23
2012-08-30T09:33:19.516032Z,32.8666,-115.2532,1,-3.71
2012-08-30T10:02:19.760238Z,32.7866,-115.6132,1,-4.17
2012-08-30T11:55:45.263793Z,32.6266,-115.5132,1,-4.03
2012-08-30T12:05:36.234722Z,32.5666,-115.5932,9,-3.69
2012-08-30T13:01:54.919286Z,32.5666,-115.2732,1,-3.85
